Loan_ID,Gender,Married,Dependents,Education,Self_Employed,ApplicantIncome,CoapplicantIncome,LoanAmount,Loan_Amount_Term,Credit_History,Property_Area,Loan_Status_Y
LP001002,Male,No,0,Graduate,No,5796.0,0.0,120.0,360.0,1.0,Urban,1
LP001003,Male,Yes,1,Graduate,No,4583.0,1508.0,128.0,360.0,1.0,Rural,0
LP001005,Male,Yes,0,Graduate,Yes,3000.0,0.0,99.25,360.0,1.0,Urban,1
LP001006,Male,Yes,0,Not Graduate,No,2876.5,2298.25,120.0,360.0,1.0,Urban,1
LP001008,Male,No,0,Graduate,No,5796.0,0.0,141.0,360.0,1.0,Urban,1
LP001011,Male,Yes,2,Graduate,Yes,5417.0,2298.25,165.75,360.0,1.0,Urban,1
LP001013,Male,Yes,0,Not Graduate,No,2876.5,1516.0,99.25,360.0,1.0,Urban,1
LP001014,Male,Yes,3+,Graduate,No,3036.0,2298.25,158.0,360.0,0.0,Semiurban,0
LP001018,Male,Yes,2,Graduate,No,4006.0,1526.0,165.75,360.0,1.0,Urban,1
LP001020,Male,Yes,1,Graduate,No,5796.0,2298.25,165.75,360.0,1.0,Semiurban,0
LP001024,Male,Yes,2,Graduate,No,3200.0,700.0,99.25,360.0,1.0,Urban,1
LP001027,Male,Yes,2,Graduate,No,2876.5,1840.0,109.0,360.0,1.0,Urban,1
LP001028,Male,Yes,2,Graduate,No,3073.0,2298.25,165.75,360.0,1.0,Urban,1
LP001029,Male,No,0,Graduate,No,2876.5,2298.25,114.0,360.0,1.0,Rural,0
LP001030,Male,Yes,2,Graduate,No,2876.5,1086.0,99.25,359.0,1.0,Urban,1
LP001032,Male,No,0,Graduate,No,4950.0,0.0,125.0,360.0,1.0,Urban,1
LP001034,Male,No,1,Not Graduate,No,3596.0,0.0,100.0,359.0,1.0,Urban,1
LP001036,Female,No,0,Graduate,No,3510.0,0.0,99.25,360.0,0.0,Urban,0
LP001038,Male,Yes,0,Not Graduate,No,4887.0,0.0,133.0,360.0,1.0,Rural,0
LP001041,Male,Yes,0,Graduate,No,2876.5,2298.25,115.0,360.0,1.0,Urban,1
LP001043,Male,Yes,0,Not Graduate,No,5796.0,0.0,104.0,360.0,0.0,Urban,0
LP001046,Male,Yes,1,Graduate,No,5796.0,2298.25,165.75,360.0,1.0,Urban,1
LP001047,Male,Yes,0,Not Graduate,No,2876.5,1911.0,116.0,360.0,0.0,Semiurban,0
LP001050,Male,Yes,2,Not Graduate,No,3365.0,1917.0,112.0,360.0,0.0,Rural,0
LP001052,Male,Yes,1,Graduate,No,3717.0,2298.25,151.0,360.0,1.0,Semiurban,0
LP001066,Male,Yes,0,Graduate,Yes,5796.0,0.0,165.75,360.0,1.0,Semiurban,1
LP001068,Male,Yes,0,Graduate,No,2876.5,2253.0,122.0,360.0,1.0,Semiurban,1
LP001073,Male,Yes,2,Not Graduate,No,4226.0,1040.0,110.0,360.0,1.0,Urban,1
LP001086,Male,No,0,Not Graduate,No,2876.5,0.0,99.25,360.0,1.0,Urban,0
LP001087,Female,No,2,Graduate,No,3750.0,2083.0,120.0,360.0,1.0,Semiurban,1
LP001091,Male,Yes,1,Graduate,No,4166.0,2298.25,165.75,360.0,1.0,Urban,0
LP001095,Male,No,0,Graduate,No,3167.0,0.0,99.25,360.0,1.0,Urban,0
LP001097,Male,No,1,Graduate,Yes,4692.0,0.0,106.0,360.0,1.0,Rural,0
LP001098,Male,Yes,0,Graduate,No,3500.0,1667.0,114.0,360.0,1.0,Semiurban,1
LP001100,Male,No,3+,Graduate,No,5796.0,2298.25,165.75,360.0,1.0,Rural,0
LP001106,Male,Yes,0,Graduate,No,2876.5,2067.0,120.0,360.0,1.0,Urban,1
LP001109,Male,Yes,0,Graduate,No,2876.5,1330.0,100.0,360.0,0.0,Urban,0
LP001112,Female,Yes,0,Graduate,No,3667.0,1459.0,144.0,360.0,1.0,Semiurban,1
LP001114,Male,No,0,Graduate,No,4166.0,2298.25,165.75,360.0,1.0,Urban,1
LP001116,Male,No,0,Not Graduate,No,3748.0,1668.0,110.0,360.0,1.0,Semiurban,1
LP001119,Male,No,0,Graduate,No,3600.0,0.0,99.25,360.0,1.0,Urban,0
LP001120,Male,No,0,Graduate,No,2876.5,1213.0,99.25,360.0,1.0,Urban,1
LP001123,Male,Yes,0,Graduate,No,2876.5,0.0,99.25,360.0,1.0,Urban,1
LP001131,Male,Yes,0,Graduate,No,3941.0,2298.25,134.0,360.0,1.0,Semiurban,1
LP001136,Male,Yes,0,Not Graduate,Yes,4695.0,0.0,99.25,360.0,1.0,Urban,1
LP001137,Female,No,0,Graduate,No,3410.0,0.0,99.25,360.0,1.0,Urban,1
LP001138,Male,Yes,1,Graduate,No,5649.0,0.0,99.25,360.0,1.0,Urban,1
LP001144,Male,Yes,0,Graduate,No,5796.0,0.0,144.0,360.0,1.0,Urban,1
LP001146,Female,Yes,0,Graduate,No,2876.5,2298.25,120.0,360.0,0.0,Urban,0
LP001151,Female,No,0,Graduate,No,4000.0,2275.0,144.0,360.0,1.0,Semiurban,1
LP001155,Female,Yes,0,Not Graduate,No,2876.5,1644.0,100.0,360.0,1.0,Semiurban,1
LP001157,Female,No,0,Graduate,No,3086.0,0.0,120.0,360.0,1.0,Semiurban,1
LP001164,Female,No,0,Graduate,No,4230.0,0.0,112.0,360.0,1.0,Semiurban,0
LP001179,Male,Yes,2,Graduate,No,4616.0,0.0,134.0,360.0,1.0,Urban,0
LP001186,Female,Yes,1,Graduate,Yes,5796.0,0.0,165.75,360.0,0.0,Urban,0
LP001194,Male,Yes,2,Graduate,No,2876.5,1167.0,99.25,360.0,1.0,Semiurban,1
LP001195,Male,Yes,0,Graduate,No,2876.5,1591.0,99.25,360.0,1.0,Semiurban,1
LP001197,Male,Yes,0,Graduate,No,3366.0,2200.0,135.0,360.0,1.0,Rural,0
LP001198,Male,Yes,1,Graduate,No,5796.0,2250.0,165.75,360.0,1.0,Urban,1
LP001199,Male,Yes,2,Not Graduate,No,3357.0,2298.25,144.0,360.0,1.0,Urban,1
LP001205,Male,Yes,0,Graduate,No,2876.5,2298.25,120.0,360.0,1.0,Urban,1
LP001206,Male,Yes,3+,Graduate,No,3029.0,0.0,99.25,360.0,1.0,Urban,1
LP001207,Male,Yes,0,Not Graduate,Yes,2876.5,2298.25,165.0,359.0,0.0,Rural,0
LP001213,Male,Yes,1,Graduate,No,4945.0,0.0,120.0,360.0,0.0,Rural,0
LP001222,Female,No,0,Graduate,No,4166.0,0.0,116.0,360.0,0.0,Semiurban,0
LP001225,Male,Yes,0,Graduate,No,5726.0,2298.25,165.75,360.0,1.0,Semiurban,0
LP001228,Male,No,0,Not Graduate,No,3200.0,2254.0,126.0,359.0,0.0,Urban,0
LP001233,Male,Yes,1,Graduate,No,5796.0,0.0,165.75,360.0,1.0,Urban,1
LP001238,Male,Yes,3+,Not Graduate,Yes,5796.0,0.0,125.0,359.0,1.0,Urban,1
LP001241,Female,No,0,Graduate,No,4300.0,0.0,136.0,360.0,0.0,Semiurban,0
LP001243,Male,Yes,0,Graduate,No,3208.0,2298.25,165.75,360.0,1.0,Urban,1
LP001245,Male,Yes,2,Not Graduate,Yes,2876.5,1875.0,99.25,360.0,1.0,Semiurban,1
LP001248,Male,No,0,Graduate,No,3500.0,0.0,99.25,359.0,1.0,Semiurban,1
LP001250,Male,Yes,3+,Not Graduate,No,4755.0,0.0,99.25,360.0,0.0,Semiurban,0
LP001253,Male,Yes,3+,Graduate,Yes,5266.0,1774.0,165.75,360.0,1.0,Semiurban,1
LP001255,Male,No,0,Graduate,No,3750.0,0.0,113.0,361.0,1.0,Urban,0
LP001256,Male,No,0,Graduate,No,3750.0,2298.25,165.75,360.0,1.0,Urban,0
LP001259,Male,Yes,1,Graduate,Yes,2876.5,2298.25,110.0,360.0,1.0,Urban,0
LP001263,Male,Yes,3+,Graduate,No,3167.0,2298.25,165.75,359.0,0.0,Semiurban,0
LP001264,Male,Yes,3+,Not Graduate,Yes,3333.0,2166.0,130.0,360.0,1.0,Semiurban,1
LP001265,Female,No,0,Graduate,No,3846.0,0.0,111.0,360.0,1.0,Semiurban,1
LP001266,Male,Yes,1,Graduate,Yes,2876.5,0.0,120.0,360.0,1.0,Semiurban,1
LP001267,Female,Yes,2,Graduate,No,2876.5,1881.0,165.75,360.0,1.0,Urban,0
LP001273,Male,Yes,0,Graduate,No,5796.0,2250.0,165.75,360.0,1.0,Semiurban,0
LP001275,Male,Yes,1,Graduate,No,3988.0,0.0,99.25,359.0,1.0,Urban,1
LP001279,Male,No,0,Graduate,No,2876.5,2298.25,136.0,360.0,1.0,Semiurban,1
LP001280,Male,Yes,2,Not Graduate,No,3333.0,2000.0,99.25,360.0,1.0,Semiurban,1
LP001282,Male,Yes,0,Graduate,No,2876.5,2118.0,104.0,360.0,1.0,Semiurban,1
LP001289,Male,No,0,Graduate,No,5796.0,0.0,165.75,360.0,1.0,Urban,1
LP001310,Male,Yes,0,Graduate,No,5695.0,2298.25,165.75,360.0,1.0,Semiurban,1
LP001316,Male,Yes,0,Graduate,No,2958.0,2298.25,131.0,360.0,1.0,Semiurban,1
LP001318,Male,Yes,2,Graduate,No,5796.0,2298.25,165.75,359.0,1.0,Semiurban,1
LP001319,Male,Yes,2,Not Graduate,No,3273.0,1820.0,99.25,360.0,1.0,Urban,1
LP001322,Male,No,0,Graduate,No,4133.0,0.0,122.0,360.0,1.0,Semiurban,1
LP001325,Male,No,0,Not Graduate,No,3620.0,0.0,99.25,359.0,1.0,Semiurban,1
LP001326,Male,No,0,Graduate,No,5796.0,0.0,120.0,360.0,1.0,Urban,0
LP001327,Female,Yes,0,Graduate,No,2876.5,2298.25,137.0,360.0,1.0,Semiurban,1
LP001333,Male,Yes,0,Graduate,No,2876.5,997.0,99.25,360.0,1.0,Semiurban,1
LP001334,Male,Yes,0,Not Graduate,No,4188.0,0.0,115.0,359.0,1.0,Semiurban,1
LP001343,Male,Yes,0,Graduate,No,2876.5,2298.25,131.0,360.0,1.0,Semiurban,1
LP001345,Male,Yes,2,Not Graduate,No,4288.0,2298.25,133.0,359.0,1.0,Urban,1
LP001349,Male,No,0,Graduate,No,4843.0,2298.25,151.0,360.0,1.0,Semiurban,1
LP001350,Male,Yes,0,Graduate,No,5796.0,0.0,120.0,360.0,1.0,Urban,1
LP001356,Male,Yes,0,Graduate,No,4652.0,2298.25,120.0,360.0,1.0,Semiurban,1
LP001357,Male,Yes,0,Graduate,No,3816.0,754.0,160.0,360.0,1.0,Urban,1
LP001367,Male,Yes,1,Graduate,No,3052.0,1030.0,100.0,360.0,1.0,Urban,1
LP001369,Male,Yes,2,Graduate,No,5796.0,1126.0,165.75,360.0,1.0,Urban,1
LP001370,Male,No,0,Not Graduate,No,5796.0,0.0,120.0,360.0,1.0,Rural,0
LP001379,Male,Yes,2,Graduate,No,3800.0,2298.25,165.75,360.0,0.0,Urban,0
LP001384,Male,Yes,3+,Not Graduate,No,2876.5,754.0,99.25,361.0,1.0,Semiurban,1
LP001385,Male,No,0,Graduate,No,5316.0,0.0,136.0,360.0,1.0,Urban,1
LP001387,Female,Yes,0,Graduate,No,2929.0,2298.25,139.0,360.0,1.0,Semiurban,1
LP001391,Male,Yes,0,Not Graduate,No,3572.0,2298.25,152.0,360.0,0.0,Rural,0
LP001392,Female,No,1,Graduate,Yes,5796.0,0.0,120.0,360.0,1.0,Semiurban,1
LP001398,Male,No,0,Graduate,No,5050.0,0.0,118.0,360.0,1.0,Semiurban,1
LP001401,Male,Yes,1,Graduate,No,5796.0,0.0,165.75,359.0,1.0,Rural,1
LP001404,Female,Yes,0,Graduate,No,3167.0,2283.0,154.0,360.0,1.0,Semiurban,1
LP001405,Male,Yes,1,Graduate,No,2876.5,1398.0,99.25,360.0,1.0,Urban,1
LP001421,Male,Yes,0,Graduate,No,5568.0,2142.0,165.75,360.0,1.0,Rural,0
LP001422,Female,No,0,Graduate,No,5796.0,0.0,165.75,360.0,1.0,Urban,1
LP001426,Male,Yes,0,Graduate,No,5667.0,2298.25,165.75,360.0,1.0,Rural,1
LP001430,Female,No,0,Graduate,No,4166.0,0.0,99.25,360.0,1.0,Semiurban,1
LP001431,Female,No,0,Graduate,No,2876.5,2298.25,137.0,360.0,0.0,Semiurban,1
LP001432,Male,Yes,2,Graduate,No,2957.0,0.0,99.25,360.0,1.0,Semiurban,1
LP001439,Male,Yes,0,Not Graduate,No,4300.0,2014.0,165.75,360.0,1.0,Rural,1
LP001443,Female,No,0,Graduate,No,3692.0,0.0,99.25,360.0,1.0,Rural,1
LP001448,Male,Yes,3+,Graduate,No,5796.0,0.0,165.75,360.0,1.0,Rural,1
LP001449,Male,No,0,Graduate,No,3865.0,1640.0,120.0,360.0,1.0,Rural,1
LP001451,Male,Yes,1,Graduate,Yes,5796.0,2298.25,160.0,359.0,0.0,Urban,0
LP001465,Male,Yes,0,Graduate,No,5796.0,2298.25,165.75,360.0,1.0,Rural,0
LP001469,Male,No,0,Graduate,Yes,5796.0,0.0,165.75,361.0,1.0,Urban,1
LP001473,Male,No,0,Graduate,No,2876.5,1929.0,99.25,360.0,1.0,Urban,1
LP001478,Male,No,0,Graduate,No,2876.5,0.0,99.25,360.0,1.0,Semiurban,1
LP001482,Male,Yes,0,Graduate,Yes,3459.0,0.0,99.25,359.0,1.0,Semiurban,1
LP001487,Male,No,0,Graduate,No,4895.0,0.0,102.0,360.0,1.0,Semiurban,1
LP001488,Male,Yes,3+,Graduate,No,4000.0,2298.25,165.75,360.0,1.0,Semiurban,0
LP001489,Female,Yes,0,Graduate,No,4583.0,0.0,99.25,360.0,1.0,Rural,0
LP001491,Male,Yes,2,Graduate,Yes,3316.0,2298.25,99.25,360.0,1.0,Urban,1
LP001492,Male,No,0,Graduate,No,5796.0,0.0,165.75,360.0,0.0,Semiurban,0
LP001493,Male,Yes,2,Not Graduate,No,4200.0,1430.0,129.0,360.0,1.0,Rural,0
LP001497,Male,Yes,2,Graduate,No,5042.0,2083.0,165.75,360.0,1.0,Rural,0
LP001498,Male,No,0,Graduate,No,5417.0,0.0,165.75,360.0,1.0,Urban,1
LP001504,Male,No,0,Graduate,Yes,5796.0,0.0,165.75,359.0,1.0,Semiurban,1
LP001507,Male,Yes,0,Graduate,No,2876.5,2034.0,122.0,360.0,1.0,Semiurban,1
LP001508,Male,Yes,2,Graduate,No,5796.0,0.0,165.75,359.0,1.0,Urban,1
LP001514,Female,Yes,0,Graduate,No,2876.5,2298.25,100.0,360.0,1.0,Semiurban,1
LP001516,Female,Yes,2,Graduate,No,5796.0,0.0,99.25,360.0,1.0,Urban,1
LP001518,Male,Yes,1,Graduate,No,2876.5,1425.0,99.25,360.0,1.0,Urban,1
LP001519,Female,No,0,Graduate,No,5796.0,1666.0,165.75,360.0,1.0,Rural,0
LP001520,Male,Yes,0,Graduate,No,4860.0,830.0,125.0,360.0,1.0,Semiurban,1
LP001528,Male,No,0,Graduate,No,5796.0,0.0,118.0,360.0,0.0,Rural,0
LP001529,Male,Yes,0,Graduate,Yes,2876.5,2298.25,152.0,360.0,1.0,Rural,1
LP001531,Male,No,0,Graduate,No,5796.0,0.0,165.75,360.0,1.0,Urban,0
LP001532,Male,Yes,2,Not Graduate,No,2876.5,0.0,113.0,360.0,1.0,Rural,0
LP001535,Male,No,0,Graduate,No,3254.0,0.0,99.25,360.0,1.0,Urban,1
LP001536,Male,Yes,3+,Graduate,No,5796.0,0.0,165.75,359.0,0.0,Semiurban,1
LP001541,Male,Yes,1,Graduate,No,5796.0,0.0,160.0,360.0,1.0,Rural,1
LP001543,Male,Yes,1,Graduate,No,5796.0,0.0,165.75,360.0,1.0,Urban,1
LP001546,Male,No,0,Graduate,No,2980.0,2083.0,120.0,360.0,1.0,Rural,1
LP001552,Male,Yes,0,Graduate,No,4583.0,2298.25,165.75,360.0,1.0,Semiurban,1
LP001560,Male,Yes,0,Not Graduate,No,2876.5,1041.0,99.25,360.0,1.0,Semiurban,1
LP001562,Male,Yes,0,Graduate,No,5796.0,0.0,165.75,360.0,1.0,Urban,0
LP001565,Male,Yes,1,Graduate,No,3089.0,1280.0,121.0,360.0,0.0,Semiurban,0
LP001570,Male,Yes,2,Graduate,No,4167.0,1447.0,158.0,360.0,1.0,Rural,1
LP001572,Male,Yes,0,Graduate,No,5796.0,0.0,99.25,359.0,1.0,Urban,1
LP001574,Male,Yes,0,Graduate,No,3707.0,2298.25,165.75,360.0,1.0,Rural,1
LP001577,Female,Yes,0,Graduate,No,4583.0,0.0,112.0,360.0,1.0,Rural,0
LP001578,Male,Yes,0,Graduate,No,2876.5,2298.25,129.0,360.0,1.0,Rural,1
LP001579,Male,No,0,Graduate,No,2876.5,0.0,99.25,361.0,0.0,Semiurban,0
LP001580,Male,Yes,2,Graduate,No,5796.0,0.0,165.75,360.0,1.0,Semiurban,1
LP001581,Male,Yes,0,Not Graduate,No,2876.5,1769.0,99.25,360.0,1.0,Rural,1
LP001585,Male,Yes,3+,Graduate,No,5796.0,0.0,165.75,359.0,1.0,Urban,1
LP001586,Male,Yes,3+,Not Graduate,No,3522.0,0.0,99.25,359.0,1.0,Rural,0
LP001594,Male,Yes,0,Graduate,No,5708.0,2298.25,165.75,360.0,1.0,Semiurban,1
LP001603,Male,Yes,0,Not Graduate,Yes,4344.0,736.0,99.25,360.0,1.0,Semiurban,0
LP001606,Male,Yes,0,Graduate,No,3497.0,1964.0,116.0,360.0,1.0,Rural,1
LP001608,Male,Yes,2,Graduate,No,2876.5,1619.0,101.0,360.0,1.0,Rural,1
LP001610,Male,Yes,3+,Graduate,No,5516.0,2298.25,165.75,360.0,0.0,Semiurban,0
LP001616,Male,Yes,1,Graduate,No,3750.0,0.0,116.0,360.0,1.0,Semiurban,1
LP001630,Male,No,0,Not Graduate,No,2876.5,1451.0,102.0,361.0,0.0,Urban,0
LP001633,Male,Yes,1,Graduate,No,5796.0,2298.25,165.75,360.0,0.0,Urban,0
LP001634,Male,No,0,Graduate,No,2876.5,2298.25,99.25,360.0,1.0,Rural,0
LP001636,Male,Yes,0,Graduate,No,4600.0,0.0,99.25,359.0,1.0,Semiurban,1
LP001637,Male,Yes,1,Graduate,No,5796.0,0.0,165.75,360.0,1.0,Semiurban,0
LP001639,Female,Yes,0,Graduate,No,3625.0,0.0,108.0,360.0,1.0,Semiurban,1
LP001640,Male,Yes,0,Graduate,Yes,5796.0,2298.25,120.0,360.0,1.0,Semiurban,1
LP001641,Male,Yes,1,Graduate,Yes,2876.5,0.0,99.25,359.0,0.0,Rural,0
LP001643,Male,Yes,0,Graduate,No,2876.5,2138.0,99.25,360.0,1.0,Rural,1
LP001644,Male,Yes,0,Graduate,Yes,2876.5,2298.25,165.75,360.0,1.0,Rural,1
LP001647,Male,Yes,0,Graduate,No,5796.0,0.0,165.75,359.0,1.0,Rural,1
LP001653,Male,No,0,Not Graduate,No,4885.0,0.0,99.25,360.0,1.0,Rural,1
LP001656,Male,No,0,Graduate,No,5796.0,0.0,164.0,360.0,1.0,Semiurban,0
LP001657,Male,Yes,0,Not Graduate,No,5796.0,0.0,160.0,360.0,1.0,Urban,0
LP001658,Male,No,0,Graduate,No,3858.0,0.0,99.25,360.0,1.0,Semiurban,1
LP001664,Male,No,0,Graduate,No,4191.0,0.0,120.0,360.0,1.0,Rural,1
LP001665,Male,Yes,1,Graduate,No,3125.0,2298.25,165.75,360.0,1.0,Semiurban,0
LP001666,Male,No,0,Graduate,No,5796.0,2298.25,165.75,360.0,1.0,Rural,1
LP001669,Female,No,0,Not Graduate,No,2876.5,2298.25,120.0,360.0,1.0,Urban,1
LP001671,Female,Yes,0,Graduate,No,3416.0,2298.25,113.0,360.0,1.0,Semiurban,1
LP001673,Male,No,0,Graduate,Yes,5796.0,0.0,99.25,360.0,1.0,Urban,0
LP001674,Male,Yes,1,Not Graduate,No,2876.5,2298.25,99.25,360.0,1.0,Semiurban,1
LP001677,Male,No,2,Graduate,No,4923.0,0.0,165.75,360.0,0.0,Semiurban,1
LP001682,Male,Yes,3+,Not Graduate,No,3992.0,0.0,120.0,359.0,1.0,Urban,0
LP001688,Male,Yes,1,Not Graduate,No,3500.0,1083.0,135.0,360.0,1.0,Urban,1
LP001691,Male,Yes,2,Not Graduate,No,3917.0,0.0,124.0,360.0,1.0,Semiurban,1
LP001692,Female,No,0,Not Graduate,No,4408.0,0.0,120.0,360.0,1.0,Semiurban,1
LP001693,Female,No,0,Graduate,No,3244.0,0.0,99.25,360.0,1.0,Urban,1
LP001698,Male,No,0,Not Graduate,No,3975.0,2298.25,99.25,360.0,1.0,Rural,1
LP001699,Male,No,0,Graduate,No,2876.5,0.0,99.25,360.0,1.0,Urban,1
LP001702,Male,No,0,Graduate,No,3418.0,0.0,127.0,360.0,1.0,Semiurban,0
LP001708,Female,No,0,Graduate,No,5796.0,0.0,165.75,360.0,1.0,Semiurban,0
LP001711,Male,Yes,3+,Graduate,No,3430.0,1250.0,128.0,360.0,0.0,Semiurban,0
LP001713,Male,Yes,1,Graduate,Yes,5796.0,0.0,165.75,360.0,1.0,Urban,1
LP001715,Male,Yes,3+,Not Graduate,Yes,5703.0,0.0,130.0,360.0,1.0,Rural,1
LP001716,Male,Yes,0,Graduate,No,3173.0,2298.25,137.0,360.0,1.0,Urban,1
LP001720,Male,Yes,3+,Not Graduate,No,3850.0,983.0,100.0,360.0,1.0,Semiurban,1
LP001722,Male,Yes,0,Graduate,No,2876.5,1800.0,135.0,360.0,1.0,Rural,0
LP001726,Male,Yes,0,Graduate,No,3727.0,1775.0,131.0,360.0,1.0,Semiurban,1
LP001732,Male,Yes,2,Graduate,No,5000.0,0.0,99.25,360.0,0.0,Semiurban,0
LP001734,Female,Yes,2,Graduate,No,4283.0,2298.25,127.0,360.0,1.0,Semiurban,1
LP001736,Male,Yes,0,Graduate,No,2876.5,0.0,99.25,360.0,0.0,Urban,0
LP001743,Male,Yes,2,Graduate,No,4009.0,1717.0,116.0,360.0,1.0,Semiurban,1
LP001744,Male,No,0,Graduate,No,2971.0,2298.25,144.0,360.0,1.0,Semiurban,1
LP001749,Male,Yes,0,Graduate,No,5796.0,1010.0,165.75,360.0,1.0,Semiurban,1
LP001750,Male,Yes,0,Graduate,No,5796.0,0.0,128.0,360.0,1.0,Semiurban,1
LP001751,Male,Yes,0,Graduate,No,3250.0,0.0,165.75,360.0,1.0,Rural,0
LP001754,Male,Yes,0,Not Graduate,Yes,4735.0,0.0,138.0,360.0,1.0,Urban,0
LP001758,Male,Yes,2,Graduate,No,5796.0,1695.0,165.75,360.0,1.0,Semiurban,1
LP001760,Male,Yes,0,Graduate,No,4758.0,0.0,158.0,361.0,1.0,Semiurban,1
LP001761,Male,No,0,Graduate,Yes,5796.0,0.0,165.75,360.0,1.0,Rural,1
LP001765,Male,Yes,1,Graduate,No,2876.5,2054.0,104.0,360.0,1.0,Semiurban,1
LP001768,Male,Yes,0,Graduate,No,3716.0,0.0,99.25,359.0,1.0,Rural,1
LP001770,Male,No,0,Not Graduate,No,3189.0,2298.25,120.0,360.0,1.0,Rural,1
LP001776,Female,No,0,Graduate,No,5796.0,0.0,165.75,360.0,1.0,Semiurban,1
LP001778,Male,Yes,1,Graduate,No,3155.0,1779.0,140.0,360.0,1.0,Semiurban,1
LP001784,Male,Yes,1,Graduate,No,5500.0,1260.0,165.75,360.0,1.0,Rural,1
LP001786,Male,Yes,0,Graduate,No,5746.0,0.0,165.75,360.0,1.0,Urban,0
LP001788,Female,No,0,Graduate,Yes,3463.0,0.0,122.0,360.0,1.0,Urban,1
LP001790,Female,No,1,Graduate,No,3812.0,0.0,112.0,360.0,1.0,Rural,1
LP001792,Male,Yes,1,Graduate,No,3315.0,0.0,99.25,360.0,1.0,Semiurban,1
LP001798,Male,Yes,2,Graduate,No,5796.0,2298.25,120.0,360.0,1.0,Rural,1
LP001800,Male,Yes,1,Not Graduate,No,2876.5,1983.0,140.0,359.0,1.0,Urban,0
LP001806,Male,No,0,Graduate,No,2965.0,2298.25,155.0,359.0,1.0,Urban,1
LP001807,Male,Yes,2,Graduate,Yes,5796.0,1300.0,108.0,360.0,1.0,Rural,1
LP001811,Male,Yes,0,Not Graduate,No,3406.0,2298.25,123.0,360.0,1.0,Semiurban,1
LP001813,Male,No,0,Graduate,Yes,5796.0,2298.25,120.0,359.0,1.0,Urban,0
LP001814,Male,Yes,2,Graduate,No,5796.0,0.0,112.0,360.0,1.0,Urban,1
LP001819,Male,Yes,1,Not Graduate,No,5796.0,0.0,137.0,359.0,1.0,Urban,1
LP001824,Male,Yes,1,Graduate,No,2882.0,1843.0,123.0,361.0,1.0,Semiurban,1
LP001825,Male,Yes,0,Graduate,No,2876.5,1868.0,99.25,360.0,1.0,Urban,1
LP001835,Male,Yes,0,Not Graduate,No,2876.5,2298.25,165.75,360.0,0.0,Semiurban,0
LP001836,Female,No,2,Graduate,No,3427.0,0.0,138.0,360.0,1.0,Urban,0
LP001841,Male,No,0,Not Graduate,Yes,2876.5,2167.0,104.0,360.0,1.0,Rural,1
LP001843,Male,Yes,1,Not Graduate,No,2876.5,2298.25,165.75,359.0,1.0,Semiurban,1
LP001844,Male,No,0,Graduate,Yes,5796.0,0.0,165.75,360.0,0.0,Urban,0
LP001846,Female,No,3+,Graduate,No,3083.0,0.0,165.75,360.0,1.0,Rural,1
LP001849,Male,No,0,Not Graduate,No,5796.0,0.0,115.0,360.0,0.0,Rural,0
LP001854,Male,Yes,3+,Graduate,No,5250.0,0.0,99.25,360.0,1.0,Urban,0
LP001859,Male,Yes,0,Graduate,No,5796.0,2100.0,165.75,360.0,1.0,Rural,0
LP001864,Male,Yes,3+,Not Graduate,No,4931.0,0.0,128.0,360.0,1.0,Semiurban,0
LP001865,Male,Yes,1,Graduate,No,5796.0,2298.25,165.75,360.0,1.0,Urban,1
LP001868,Male,No,0,Graduate,No,2876.5,2209.0,134.0,360.0,1.0,Semiurban,1
LP001870,Female,No,1,Graduate,No,3481.0,0.0,155.0,359.0,1.0,Semiurban,0
LP001871,Female,No,0,Graduate,No,5796.0,0.0,120.0,360.0,1.0,Rural,1
LP001872,Male,No,0,Graduate,Yes,5166.0,0.0,128.0,360.0,1.0,Semiurban,1
LP001875,Male,No,0,Graduate,No,4095.0,2298.25,151.0,360.0,1.0,Rural,1
LP001877,Male,Yes,2,Graduate,No,4708.0,1387.0,150.0,360.0,1.0,Semiurban,1
LP001882,Male,Yes,3+,Graduate,No,4333.0,1811.0,160.0,360.0,0.0,Urban,1
LP001883,Female,No,0,Graduate,No,3418.0,0.0,135.0,360.0,1.0,Rural,0
LP001884,Female,No,1,Graduate,No,2876.5,1560.0,99.25,360.0,1.0,Urban,1
LP001888,Female,No,0,Graduate,No,3237.0,0.0,99.25,360.0,1.0,Urban,1
LP001891,Male,Yes,0,Graduate,No,5796.0,0.0,136.0,360.0,1.0,Urban,1
LP001892,Male,No,0,Graduate,No,2876.5,1857.0,126.0,360.0,1.0,Rural,1
LP001894,Male,Yes,0,Graduate,No,2876.5,2223.0,150.0,360.0,1.0,Semiurban,1
LP001896,Male,Yes,2,Graduate,No,3900.0,0.0,99.25,360.0,1.0,Semiurban,1
LP001900,Male,Yes,1,Graduate,No,2876.5,1842.0,115.0,360.0,1.0,Semiurban,1
LP001903,Male,Yes,0,Graduate,No,3993.0,2298.25,165.75,360.0,1.0,Semiurban,1
LP001904,Male,Yes,0,Graduate,No,3103.0,1300.0,99.25,360.0,1.0,Urban,1
LP001907,Male,Yes,0,Graduate,No,5796.0,0.0,165.75,360.0,1.0,Semiurban,1
LP001908,Female,Yes,0,Not Graduate,No,4100.0,0.0,124.0,360.0,1.0,Rural,1
LP001910,Male,No,1,Not Graduate,Yes,4053.0,2298.25,158.0,360.0,0.0,Urban,0
LP001914,Male,Yes,0,Graduate,No,3927.0,800.0,112.0,360.0,1.0,Semiurban,1
LP001915,Male,Yes,2,Graduate,No,2876.5,985.7999878,99.25,359.0,1.0,Urban,1
LP001917,Female,No,0,Graduate,No,2876.5,1666.0,99.25,360.0,1.0,Urban,1
LP001922,Male,Yes,0,Graduate,No,5796.0,0.0,120.0,360.0,1.0,Rural,0
LP001924,Male,No,0,Graduate,No,3158.0,2298.25,99.25,360.0,1.0,Rural,1
LP001925,Female,No,0,Graduate,Yes,2876.5,1717.0,99.25,359.0,1.0,Semiurban,0
LP001926,Male,Yes,0,Graduate,No,3704.0,2000.0,120.0,360.0,1.0,Rural,1
LP001931,Female,No,0,Graduate,No,4124.0,0.0,115.0,360.0,1.0,Semiurban,1
LP001935,Male,No,0,Graduate,No,5796.0,0.0,165.75,360.0,1.0,Rural,1
LP001936,Male,Yes,0,Graduate,No,3075.0,2298.25,139.0,360.0,1.0,Rural,1
LP001938,Male,Yes,2,Graduate,No,4400.0,0.0,127.0,360.0,0.0,Semiurban,0
LP001940,Male,Yes,2,Graduate,No,3153.0,1560.0,134.0,360.0,1.0,Urban,1
LP001945,Female,No,0,Graduate,No,5417.0,0.0,143.0,361.0,0.0,Urban,0
LP001947,Male,Yes,0,Graduate,No,2876.5,2298.25,165.75,360.0,1.0,Semiurban,1
LP001949,Male,Yes,3+,Graduate,No,4416.0,1250.0,110.0,360.0,1.0,Urban,1
LP001953,Male,Yes,1,Graduate,No,5796.0,0.0,165.75,360.0,1.0,Semiurban,1
LP001954,Female,Yes,1,Graduate,No,4666.0,0.0,135.0,360.0,1.0,Urban,1
LP001955,Female,No,0,Graduate,No,5000.0,2298.25,151.0,361.0,1.0,Rural,0
LP001963,Male,Yes,1,Graduate,No,2876.5,2298.25,113.0,360.0,1.0,Urban,0
LP001964,Male,Yes,0,Not Graduate,No,2876.5,2298.25,99.25,360.0,0.0,Urban,0
LP001972,Male,Yes,0,Not Graduate,No,2876.5,1750.0,105.0,360.0,1.0,Semiurban,1
LP001974,Female,No,0,Graduate,No,5000.0,0.0,132.0,360.0,1.0,Rural,1
LP001977,Male,Yes,1,Graduate,No,2876.5,1803.0,99.25,360.0,1.0,Urban,1
LP001978,Male,No,0,Graduate,No,4000.0,2298.25,140.0,360.0,1.0,Rural,1
LP001990,Male,No,0,Not Graduate,No,2876.5,0.0,120.0,360.0,1.0,Urban,0
LP001993,Female,No,0,Graduate,No,3762.0,1666.0,135.0,360.0,1.0,Rural,1
LP001994,Female,No,0,Graduate,No,2876.5,1863.0,104.0,360.0,0.0,Urban,0
LP001996,Male,No,0,Graduate,No,5796.0,0.0,165.75,360.0,1.0,Rural,0
LP001998,Male,Yes,2,Not Graduate,No,5796.0,0.0,165.75,360.0,1.0,Rural,1
LP002002,Female,No,0,Graduate,No,2917.0,0.0,99.25,360.0,1.0,Semiurban,1
LP002004,Male,No,0,Not Graduate,No,2927.0,2298.25,111.0,360.0,1.0,Semiurban,1
LP002006,Female,No,0,Graduate,No,2876.5,0.0,99.25,360.0,1.0,Rural,1
LP002008,Male,Yes,2,Graduate,Yes,5746.0,0.0,144.0,359.0,1.0,Rural,1
LP002024,Male,Yes,0,Graduate,No,2876.5,1843.0,159.0,360.0,1.0,Rural,0
LP002031,Male,Yes,1,Not Graduate,No,3399.0,1640.0,111.0,359.0,1.0,Urban,1
LP002035,Male,Yes,2,Graduate,No,3717.0,0.0,120.0,360.0,1.0,Semiurban,1
LP002036,Male,Yes,0,Graduate,No,2876.5,2134.0,99.25,360.0,1.0,Urban,1
LP002043,Female,No,1,Graduate,No,3541.0,0.0,112.0,360.0,1.0,Semiurban,1
LP002050,Male,Yes,1,Graduate,Yes,5796.0,0.0,155.0,360.0,1.0,Rural,0
LP002051,Male,Yes,0,Graduate,No,2876.5,2167.0,115.0,360.0,1.0,Semiurban,1
LP002053,Male,Yes,3+,Graduate,No,4342.0,189.0,124.0,360.0,1.0,Semiurban,1
LP002054,Male,Yes,2,Not Graduate,No,3601.0,1590.0,120.0,360.0,1.0,Rural,1
LP002055,Female,No,0,Graduate,No,3166.0,2298.25,132.0,360.0,1.0,Rural,1
LP002065,Male,Yes,3+,Graduate,No,5796.0,0.0,165.75,360.0,1.0,Rural,1
LP002067,Male,Yes,1,Graduate,Yes,5796.0,2298.25,165.75,360.0,0.0,Rural,0
LP002068,Male,No,0,Graduate,No,4917.0,0.0,130.0,360.0,0.0,Rural,1
LP002082,Male,Yes,0,Graduate,Yes,5796.0,2160.0,165.75,360.0,1.0,Semiurban,1
LP002086,Female,Yes,0,Graduate,No,4333.0,2298.25,110.0,360.0,1.0,Urban,0
LP002087,Female,No,0,Graduate,No,2876.5,0.0,99.25,360.0,1.0,Urban,1
LP002097,Male,No,1,Graduate,No,4384.0,1793.0,117.0,360.0,1.0,Urban,1
LP002098,Male,No,0,Graduate,No,2935.0,0.0,99.25,360.0,1.0,Semiurban,1
LP002100,Male,No,0,Graduate,No,2876.5,0.0,99.25,360.0,1.0,Urban,1
LP002101,Male,Yes,0,Graduate,No,5796.0,0.0,165.75,359.0,1.0,Urban,1
LP002103,Male,Yes,1,Graduate,Yes,5796.0,1833.0,165.75,359.0,1.0,Urban,1
LP002106,Male,Yes,0,Graduate,Yes,5503.0,2298.25,99.25,360.0,1.0,Semiurban,1
LP002110,Male,Yes,1,Graduate,No,5250.0,688.0,160.0,360.0,1.0,Rural,1
LP002112,Male,Yes,2,Graduate,Yes,2876.5,2298.25,165.75,360.0,1.0,Rural,1
LP002113,Female,No,3+,Not Graduate,No,2876.5,0.0,120.0,360.0,0.0,Urban,0
LP002114,Female,No,0,Graduate,No,4160.0,0.0,99.25,360.0,1.0,Semiurban,1
LP002115,Male,Yes,3+,Not Graduate,No,2876.5,1587.0,165.75,360.0,1.0,Rural,0
LP002116,Female,No,0,Graduate,No,2876.5,0.0,99.25,360.0,1.0,Rural,0
LP002119,Male,Yes,1,Not Graduate,No,4554.0,1229.0,158.0,360.0,1.0,Urban,1
LP002126,Male,Yes,3+,Not Graduate,No,3173.0,0.0,99.25,360.0,1.0,Semiurban,1
LP002128,Male,Yes,2,Graduate,No,2876.5,2298.25,125.0,360.0,1.0,Rural,1
LP002129,Male,Yes,0,Graduate,No,2876.5,2298.25,160.0,360.0,1.0,Semiurban,1
LP002130,Male,Yes,0,Not Graduate,No,3523.0,2298.25,152.0,360.0,0.0,Rural,0
LP002131,Male,Yes,2,Not Graduate,No,3083.0,2168.0,126.0,360.0,1.0,Urban,1
LP002137,Male,Yes,0,Graduate,No,5796.0,2298.25,165.75,360.0,1.0,Semiurban,1
LP002138,Male,Yes,0,Graduate,No,2876.5,2298.25,165.75,360.0,1.0,Rural,1
LP002139,Male,Yes,0,Graduate,No,5796.0,0.0,165.75,360.0,1.0,Semiurban,1
LP002140,Male,No,0,Graduate,No,5796.0,2298.25,165.75,360.0,1.0,Rural,0
LP002141,Male,Yes,3+,Graduate,No,2876.5,2083.0,99.25,360.0,1.0,Rural,1
LP002142,Female,Yes,0,Graduate,Yes,5500.0,0.0,105.0,360.0,0.0,Rural,0
LP002143,Female,Yes,0,Graduate,No,2876.5,505.0,130.0,360.0,1.0,Semiurban,1
LP002144,Female,No,0,Graduate,No,3813.0,0.0,116.0,359.0,1.0,Urban,1
LP002149,Male,Yes,2,Graduate,No,5796.0,2298.25,165.0,360.0,1.0,Rural,1
LP002151,Male,Yes,1,Graduate,No,3875.0,0.0,99.25,360.0,1.0,Urban,0
LP002158,Male,Yes,0,Not Graduate,No,3000.0,1666.0,100.0,361.0,0.0,Urban,0
LP002160,Male,Yes,3+,Graduate,No,5167.0,2298.25,165.75,360.0,1.0,Semiurban,1
LP002161,Female,No,1,Graduate,No,4723.0,0.0,99.25,360.0,1.0,Semiurban,0
LP002170,Male,Yes,2,Graduate,No,5000.0,2298.25,165.75,360.0,1.0,Semiurban,1
LP002175,Male,Yes,0,Graduate,No,4750.0,2298.25,130.0,360.0,1.0,Urban,1
LP002178,Male,Yes,0,Graduate,No,3013.0,2298.25,99.25,359.0,1.0,Urban,1
LP002180,Male,No,0,Graduate,Yes,5796.0,0.0,141.0,360.0,1.0,Rural,1
LP002181,Male,No,0,Not Graduate,No,5796.0,0.0,133.0,360.0,1.0,Rural,0
LP002187,Male,No,0,Graduate,No,2876.5,0.0,99.25,361.0,1.0,Semiurban,0
LP002188,Male,No,0,Graduate,No,5124.0,0.0,124.0,360.0,0.0,Rural,0
LP002190,Male,Yes,1,Graduate,No,5796.0,0.0,165.75,360.0,1.0,Semiurban,1
LP002191,Male,Yes,0,Graduate,No,5796.0,2298.25,165.75,360.0,1.0,Rural,0
LP002194,Female,No,0,Graduate,Yes,5796.0,0.0,99.25,360.0,1.0,Semiurban,1
LP002197,Male,Yes,2,Graduate,No,5185.0,0.0,155.0,360.0,1.0,Semiurban,1
LP002201,Male,Yes,2,Graduate,Yes,5796.0,2298.25,165.75,359.0,1.0,Rural,1
LP002205,Male,No,1,Graduate,No,3062.0,1987.0,111.0,359.0,0.0,Urban,0
LP002209,Female,No,0,Graduate,No,2876.5,1459.0,110.0,360.0,1.0,Urban,1
LP002211,Male,Yes,0,Graduate,No,4817.0,923.0,120.0,359.0,1.0,Urban,1
LP002219,Male,Yes,3+,Graduate,No,5796.0,2298.25,130.0,360.0,1.0,Rural,1
LP002223,Male,Yes,0,Graduate,No,4310.0,0.0,130.0,360.0,1.0,Semiurban,1
LP002224,Male,No,0,Graduate,No,3069.0,0.0,99.25,361.0,1.0,Urban,0
LP002225,Male,Yes,2,Graduate,No,5391.0,0.0,130.0,360.0,1.0,Urban,1
LP002226,Male,Yes,0,Graduate,No,3333.0,2298.25,128.0,360.0,1.0,Semiurban,1
LP002229,Male,No,0,Graduate,No,5796.0,2298.25,165.75,360.0,1.0,Semiurban,1
LP002231,Female,No,0,Graduate,No,5796.0,0.0,156.0,360.0,1.0,Urban,1
LP002234,Male,No,0,Graduate,Yes,5796.0,0.0,128.0,360.0,1.0,Urban,1
LP002236,Male,Yes,2,Graduate,No,4566.0,0.0,100.0,360.0,1.0,Urban,0
LP002237,Male,No,1,Graduate,No,3667.0,0.0,113.0,359.0,1.0,Urban,1
LP002239,Male,No,0,Not Graduate,No,2876.5,1600.0,132.0,360.0,1.0,Semiurban,1
LP002243,Male,Yes,0,Not Graduate,No,3010.0,2298.25,120.0,360.0,0.0,Urban,0
LP002244,Male,Yes,0,Graduate,No,2876.5,2298.25,136.0,360.0,1.0,Urban,1
LP002250,Male,Yes,0,Graduate,No,5488.0,0.0,125.0,360.0,1.0,Rural,1
LP002255,Male,No,3+,Graduate,No,5796.0,0.0,165.75,360.0,1.0,Rural,1
LP002262,Male,Yes,3+,Graduate,No,5796.0,0.0,165.75,360.0,1.0,Rural,1
LP002263,Male,Yes,0,Graduate,No,2876.5,2115.0,120.0,360.0,1.0,Urban,1
LP002265,Male,Yes,2,Not Graduate,No,2876.5,1625.0,113.0,359.0,1.0,Semiurban,1
LP002266,Male,Yes,2,Graduate,No,3100.0,1400.0,113.0,360.0,1.0,Urban,1
LP002272,Male,Yes,2,Graduate,No,3276.0,484.0,135.0,360.0,1.0,Semiurban,1
LP002277,Female,No,0,Graduate,No,3180.0,0.0,99.25,360.0,0.0,Urban,0
LP002281,Male,Yes,0,Graduate,No,3033.0,1459.0,99.25,360.0,1.0,Urban,1
LP002284,Male,No,0,Not Graduate,No,3902.0,1666.0,109.0,360.0,1.0,Rural,1
LP002287,Female,No,0,Graduate,No,2876.5,1800.0,103.0,360.0,0.0,Semiurban,0
LP002288,Male,Yes,2,Not Graduate,No,2889.0,0.0,99.25,359.0,0.0,Urban,0
LP002296,Male,No,0,Not Graduate,No,2876.5,0.0,99.25,359.0,1.0,Rural,0
LP002297,Male,No,0,Graduate,No,2876.5,2298.25,103.0,360.0,1.0,Semiurban,1
LP002300,Female,No,0,Not Graduate,No,2876.5,0.0,99.25,360.0,1.0,Semiurban,1
LP002301,Female,No,0,Graduate,Yes,5796.0,0.0,165.75,360.0,1.0,Rural,0
LP002305,Female,No,0,Graduate,No,4547.0,0.0,115.0,360.0,1.0,Semiurban,1
LP002308,Male,Yes,0,Not Graduate,No,2876.5,2298.25,115.0,360.0,1.0,Urban,1
LP002314,Female,No,0,Not Graduate,No,2876.5,0.0,99.25,360.0,1.0,Rural,1
LP002315,Male,Yes,1,Graduate,No,5796.0,0.0,152.0,359.0,0.0,Semiurban,0
LP002317,Male,Yes,3+,Graduate,No,5796.0,0.0,165.75,360.0,0.0,Rural,0
LP002318,Female,No,1,Not Graduate,Yes,3867.0,0.0,99.25,360.0,1.0,Semiurban,0
LP002319,Male,Yes,0,Graduate,No,5796.0,0.0,160.0,360.0,1.0,Urban,1
LP002328,Male,Yes,0,Not Graduate,No,5796.0,0.0,165.75,360.0,0.0,Rural,0
LP002332,Male,Yes,0,Not Graduate,No,2876.5,2033.0,110.0,360.0,1.0,Rural,1
LP002335,Female,Yes,0,Not Graduate,No,2876.5,2298.25,165.75,360.0,0.0,Semiurban,0
LP002337,Female,No,0,Graduate,No,2995.0,0.0,99.25,360.0,1.0,Urban,1
LP002341,Female,No,1,Graduate,No,2876.5,0.0,160.0,360.0,1.0,Urban,0
LP002342,Male,Yes,2,Graduate,Yes,2876.5,2298.25,165.75,360.0,1.0,Urban,0
LP002345,Male,Yes,0,Graduate,No,2876.5,2298.25,112.0,360.0,1.0,Rural,1
LP002347,Male,Yes,0,Graduate,No,3246.0,1417.0,138.0,360.0,1.0,Semiurban,1
LP002348,Male,Yes,0,Graduate,No,5796.0,0.0,138.0,360.0,1.0,Rural,1
LP002357,Female,No,0,Not Graduate,No,2876.5,0.0,99.25,360.0,0.0,Urban,0
LP002361,Male,Yes,0,Graduate,No,2876.5,1719.0,100.0,360.0,1.0,Urban,1
LP002362,Male,Yes,1,Graduate,No,5796.0,1667.0,110.0,360.0,0.0,Urban,0
LP002364,Male,Yes,0,Graduate,No,5796.0,0.0,99.25,360.0,1.0,Semiurban,1
LP002366,Male,Yes,0,Graduate,No,2876.5,2298.25,121.0,360.0,1.0,Rural,1
LP002367,Female,No,1,Not Graduate,No,4606.0,0.0,99.25,360.0,1.0,Rural,0
LP002368,Male,Yes,2,Graduate,No,5796.0,0.0,133.0,360.0,1.0,Semiurban,1
LP002369,Male,Yes,0,Graduate,No,2920.0,16.12000084,99.25,360.0,1.0,Rural,1
LP002370,Male,No,0,Not Graduate,No,2876.5,0.0,99.25,359.0,1.0,Urban,1
LP002377,Female,No,1,Graduate,Yes,5796.0,0.0,150.0,360.0,1.0,Semiurban,1
LP002379,Male,No,0,Graduate,No,5796.0,0.0,105.0,360.0,0.0,Rural,0
LP002386,Male,No,0,Graduate,No,5796.0,0.0,165.75,360.0,1.0,Semiurban,1
LP002387,Male,Yes,0,Graduate,No,2876.5,2298.25,143.0,360.0,1.0,Semiurban,1
LP002390,Male,No,0,Graduate,No,3750.0,0.0,100.0,360.0,1.0,Urban,1
LP002393,Female,Yes,0,Graduate,No,5796.0,0.0,120.0,359.0,1.0,Semiurban,1
LP002398,Male,No,0,Graduate,No,2876.5,1851.0,99.25,360.0,1.0,Semiurban,1
LP002401,Male,Yes,0,Graduate,No,2876.5,1125.0,120.0,360.0,1.0,Urban,1
LP002403,Male,No,0,Graduate,Yes,5796.0,0.0,165.75,360.0,0.0,Urban,0
LP002407,Female,Yes,0,Not Graduate,Yes,5796.0,0.0,138.0,360.0,1.0,Rural,1
LP002408,Male,No,0,Graduate,No,3660.0,2298.25,165.75,360.0,1.0,Semiurban,1
LP002409,Male,Yes,0,Graduate,No,5796.0,1833.0,165.75,360.0,1.0,Rural,1
LP002418,Male,No,3+,Not Graduate,No,4707.0,1993.0,148.0,360.0,1.0,Semiurban,1
LP002422,Male,No,1,Graduate,No,5796.0,0.0,152.0,360.0,1.0,Semiurban,1
LP002424,Male,Yes,0,Graduate,No,5796.0,2298.25,165.75,359.0,1.0,Rural,1
LP002429,Male,Yes,1,Graduate,Yes,3466.0,1210.0,130.0,360.0,1.0,Rural,1
LP002434,Male,Yes,2,Not Graduate,No,4652.0,0.0,110.0,360.0,1.0,Rural,1
LP002435,Male,Yes,0,Graduate,No,3539.0,1376.0,99.25,360.0,1.0,Rural,0
LP002443,Male,Yes,2,Graduate,No,3340.0,1710.0,150.0,360.0,0.0,Rural,0
LP002444,Male,No,1,Not Graduate,Yes,2876.5,1542.0,165.75,360.0,1.0,Semiurban,0
LP002446,Male,Yes,2,Not Graduate,No,2876.5,1255.0,125.0,360.0,0.0,Rural,0
LP002447,Male,Yes,2,Not Graduate,No,2876.5,1456.0,99.25,359.0,1.0,Urban,1
LP002448,Male,Yes,0,Graduate,No,3948.0,1733.0,149.0,360.0,0.0,Rural,0
LP002449,Male,Yes,0,Graduate,No,2876.5,2298.25,99.25,359.0,0.0,Rural,1
LP002453,Male,No,0,Graduate,Yes,5796.0,0.0,99.25,360.0,1.0,Semiurban,1
LP002455,Male,Yes,2,Graduate,No,3859.0,0.0,99.25,360.0,1.0,Semiurban,1
LP002459,Male,Yes,0,Graduate,No,4301.0,0.0,118.0,360.0,1.0,Urban,1
LP002467,Male,Yes,0,Graduate,No,3708.0,2298.25,165.75,360.0,1.0,Urban,0
LP002472,Male,No,2,Graduate,No,4354.0,0.0,136.0,360.0,1.0,Rural,1
LP002473,Male,Yes,0,Graduate,No,5796.0,0.0,160.0,360.0,1.0,Semiurban,0
LP002478,Male,Yes,0,Graduate,Yes,2876.5,2298.25,160.0,360.0,1.0,Semiurban,1
LP002484,Male,Yes,3+,Graduate,No,5796.0,0.0,128.0,359.0,1.0,Urban,1
LP002487,Male,Yes,0,Graduate,No,3015.0,2188.0,153.0,360.0,1.0,Rural,1
LP002489,Female,No,1,Not Graduate,No,5191.0,0.0,132.0,360.0,1.0,Semiurban,1
LP002493,Male,No,0,Graduate,No,4166.0,0.0,99.25,360.0,0.0,Semiurban,0
LP002494,Male,No,0,Graduate,No,5796.0,0.0,140.0,360.0,1.0,Rural,1
LP002500,Male,Yes,3+,Not Graduate,No,2947.0,1664.0,99.25,359.0,0.0,Urban,0
LP002501,Male,Yes,0,Graduate,No,5796.0,0.0,110.0,360.0,1.0,Semiurban,1
LP002502,Female,Yes,2,Not Graduate,No,2876.5,2298.25,99.25,360.0,1.0,Semiurban,1
LP002505,Male,Yes,0,Graduate,No,4333.0,2298.25,110.0,360.0,1.0,Urban,0
LP002515,Male,Yes,1,Graduate,Yes,3450.0,2079.0,162.0,360.0,1.0,Semiurban,1
LP002517,Male,Yes,1,Not Graduate,No,2876.5,1500.0,113.0,359.0,0.0,Rural,0
LP002519,Male,Yes,3+,Graduate,No,4691.0,0.0,100.0,360.0,1.0,Semiurban,1
LP002522,Female,No,0,Graduate,Yes,2876.5,0.0,99.25,360.0,1.0,Urban,1
LP002524,Male,No,2,Graduate,No,5532.0,2298.25,162.0,360.0,1.0,Rural,1
LP002527,Male,Yes,2,Graduate,Yes,5796.0,1014.0,150.0,360.0,1.0,Rural,1
LP002529,Male,Yes,2,Graduate,No,5796.0,1750.0,165.75,359.0,1.0,Semiurban,1
LP002530,Male,Yes,2,Graduate,No,2876.5,1872.0,132.0,360.0,0.0,Semiurban,0
LP002531,Male,Yes,1,Graduate,Yes,5796.0,2250.0,99.25,360.0,1.0,Semiurban,1
LP002533,Male,Yes,2,Graduate,No,2947.0,1603.0,120.0,360.0,1.0,Urban,0
LP002534,Female,No,0,Not Graduate,No,4350.0,0.0,154.0,360.0,1.0,Rural,1
LP002536,Male,Yes,3+,Not Graduate,No,3095.0,0.0,113.0,360.0,1.0,Rural,1
LP002537,Male,Yes,0,Graduate,No,2876.5,2298.25,128.0,360.0,1.0,Semiurban,1
LP002541,Male,Yes,0,Graduate,No,5796.0,0.0,165.75,360.0,1.0,Semiurban,1
LP002543,Male,Yes,2,Graduate,No,5796.0,0.0,165.75,360.0,1.0,Semiurban,1
LP002544,Male,Yes,1,Not Graduate,No,2876.5,2298.25,131.0,360.0,1.0,Rural,1
LP002545,Male,No,2,Graduate,No,3547.0,0.0,99.25,360.0,0.0,Rural,0
LP002547,Male,Yes,1,Graduate,No,5796.0,0.0,165.75,360.0,1.0,Urban,0
LP002555,Male,Yes,2,Graduate,Yes,4583.0,2083.0,160.0,360.0,1.0,Semiurban,1
LP002556,Male,No,0,Graduate,No,2876.5,0.0,99.25,360.0,1.0,Urban,0
LP002560,Male,No,0,Not Graduate,No,2876.5,2298.25,99.25,360.0,1.0,Semiurban,1
LP002562,Male,Yes,1,Not Graduate,No,5333.0,1131.0,165.75,360.0,1.0,Urban,1
LP002571,Male,No,0,Not Graduate,No,3691.0,0.0,110.0,360.0,1.0,Rural,1
LP002582,Female,No,0,Not Graduate,Yes,5796.0,0.0,165.75,360.0,1.0,Semiurban,1
LP002585,Male,Yes,0,Graduate,No,3597.0,2157.0,119.0,360.0,0.0,Rural,0
LP002586,Female,Yes,1,Graduate,No,3326.0,913.0,105.0,359.0,1.0,Semiurban,1
LP002587,Male,Yes,0,Not Graduate,No,2876.5,1700.0,107.0,360.0,1.0,Rural,1
LP002588,Male,Yes,0,Graduate,No,4625.0,2298.25,111.0,359.0,1.0,Urban,1
LP002600,Male,Yes,1,Graduate,Yes,2895.0,0.0,99.25,360.0,1.0,Semiurban,1
LP002602,Male,No,0,Graduate,No,5796.0,2298.25,165.75,360.0,0.0,Rural,0
LP002603,Female,No,0,Graduate,No,2876.5,2298.25,113.0,361.0,1.0,Rural,1
LP002606,Female,No,0,Graduate,No,3159.0,0.0,100.0,360.0,1.0,Semiurban,1
LP002615,Male,Yes,2,Graduate,No,4865.0,2298.25,165.75,360.0,1.0,Semiurban,1
LP002618,Male,Yes,1,Not Graduate,No,4050.0,2298.25,138.0,360.0,1.0,Rural,0
LP002619,Male,Yes,0,Not Graduate,No,3814.0,1483.0,124.0,359.0,1.0,Semiurban,1
LP002622,Male,Yes,2,Graduate,No,3510.0,2298.25,165.75,360.0,1.0,Rural,1
LP002624,Male,Yes,0,Graduate,No,5796.0,2298.25,165.75,360.0,1.0,Urban,1
LP002625,Male,No,0,Graduate,No,3583.0,0.0,99.25,360.0,1.0,Urban,0
LP002626,Male,Yes,0,Graduate,Yes,2876.5,2298.25,165.75,360.0,1.0,Urban,1
LP002634,Female,No,1,Graduate,No,5796.0,0.0,99.25,360.0,1.0,Urban,1
LP002637,Male,No,0,Not Graduate,No,3598.0,1287.0,100.0,360.0,1.0,Rural,0
LP002640,Male,Yes,1,Graduate,No,5796.0,2004.0,165.75,360.0,1.0,Semiurban,1
LP002643,Male,Yes,2,Graduate,No,3283.0,2035.0,148.0,360.0,1.0,Urban,1
LP002648,Male,Yes,0,Graduate,No,2876.5,2298.25,99.25,359.0,1.0,Semiurban,0
LP002652,Male,No,0,Graduate,No,5796.0,2298.25,165.75,360.0,1.0,Rural,0
LP002659,Male,Yes,3+,Graduate,No,3466.0,2298.25,150.0,360.0,1.0,Rural,1
LP002670,Female,Yes,2,Graduate,No,2876.5,1632.0,113.0,361.0,1.0,Semiurban,1
LP002682,Male,Yes,0,Not Graduate,No,3074.0,1800.0,123.0,360.0,0.0,Semiurban,0
LP002683,Male,No,0,Graduate,No,4683.0,1915.0,165.75,360.0,1.0,Semiurban,0
LP002684,Female,No,0,Not Graduate,No,3400.0,0.0,99.25,360.0,1.0,Rural,0
LP002689,Male,Yes,2,Not Graduate,No,2876.5,1742.0,99.25,360.0,1.0,Semiurban,1
LP002690,Male,No,0,Graduate,No,2876.5,0.0,99.25,360.0,1.0,Semiurban,1
LP002692,Male,Yes,3+,Graduate,Yes,5677.0,1424.0,100.0,360.0,1.0,Rural,1
LP002693,Male,Yes,2,Graduate,Yes,5796.0,2298.25,165.75,360.0,1.0,Rural,1
LP002697,Male,No,0,Graduate,No,4680.0,2087.0,120.0,360.0,1.0,Semiurban,0
LP002699,Male,Yes,2,Graduate,Yes,5796.0,0.0,165.75,360.0,1.0,Rural,1
LP002705,Male,Yes,0,Graduate,No,3775.0,0.0,110.0,360.0,1.0,Semiurban,1
LP002706,Male,Yes,1,Not Graduate,No,5285.0,1430.0,161.0,360.0,0.0,Semiurban,1
LP002714,Male,No,1,Not Graduate,No,2876.5,1302.0,99.25,360.0,1.0,Semiurban,1
LP002716,Male,No,0,Not Graduate,No,5796.0,0.0,130.0,360.0,1.0,Semiurban,1
LP002717,Male,Yes,0,Graduate,No,2876.5,2298.25,165.75,360.0,1.0,Rural,1
LP002720,Male,Yes,3+,Graduate,No,4281.0,0.0,100.0,360.0,1.0,Urban,1
LP002723,Male,No,2,Graduate,No,3588.0,0.0,110.0,360.0,0.0,Rural,0
LP002729,Male,No,1,Graduate,No,5796.0,0.0,165.75,360.0,1.0,Semiurban,0
LP002731,Female,No,0,Not Graduate,Yes,5796.0,0.0,125.0,360.0,1.0,Urban,1
LP002732,Male,No,0,Not Graduate,No,2876.5,2042.0,126.0,360.0,1.0,Rural,1
LP002734,Male,Yes,0,Graduate,No,5796.0,2298.25,165.75,360.0,1.0,Urban,1
LP002738,Male,No,2,Graduate,No,3617.0,0.0,107.0,360.0,1.0,Semiurban,1
LP002739,Male,Yes,0,Not Graduate,No,2917.0,536.0,99.25,360.0,1.0,Rural,0
LP002740,Male,Yes,3+,Graduate,No,5796.0,0.0,157.0,359.0,1.0,Rural,1
LP002741,Female,Yes,1,Graduate,No,4608.0,2298.25,140.0,359.0,1.0,Semiurban,1
LP002743,Female,No,0,Graduate,No,2876.5,0.0,99.25,360.0,0.0,Semiurban,0
LP002753,Female,No,1,Graduate,No,3652.0,0.0,99.25,360.0,1.0,Semiurban,1
LP002755,Male,Yes,1,Not Graduate,No,2876.5,2298.25,128.0,360.0,1.0,Urban,1
LP002757,Female,Yes,0,Not Graduate,No,3017.0,663.0,102.0,360.0,1.0,Semiurban,1
LP002767,Male,Yes,0,Graduate,No,2876.5,1950.0,155.0,360.0,1.0,Rural,1
LP002768,Male,No,0,Not Graduate,No,3358.0,0.0,99.25,359.0,1.0,Semiurban,0
LP002772,Male,No,0,Graduate,No,2876.5,1783.0,145.0,360.0,1.0,Rural,1
LP002776,Female,No,0,Graduate,No,5000.0,0.0,103.0,360.0,0.0,Semiurban,0
LP002777,Male,Yes,0,Graduate,No,2876.5,2016.0,110.0,360.0,1.0,Rural,1
LP002778,Male,Yes,2,Graduate,Yes,5796.0,0.0,120.0,360.0,0.0,Rural,0
LP002784,Male,Yes,1,Not Graduate,No,2876.5,2298.25,120.0,360.0,1.0,Rural,1
LP002785,Male,Yes,1,Graduate,No,3333.0,2298.25,158.0,360.0,1.0,Urban,1
LP002788,Male,Yes,0,Not Graduate,No,2876.5,2298.25,165.75,360.0,0.0,Urban,0
LP002789,Male,Yes,0,Graduate,No,3593.0,2298.25,132.0,359.0,0.0,Rural,0
LP002792,Male,Yes,1,Graduate,No,5468.0,1032.0,99.25,360.0,1.0,Semiurban,1
LP002794,Female,No,0,Graduate,No,2876.5,1625.0,99.25,360.0,1.0,Urban,1
LP002795,Male,Yes,3+,Graduate,Yes,5796.0,0.0,165.75,360.0,1.0,Semiurban,1
LP002798,Male,Yes,0,Graduate,No,3887.0,2298.25,162.0,360.0,1.0,Semiurban,1
LP002804,Female,Yes,0,Graduate,No,4180.0,2298.25,165.75,360.0,1.0,Semiurban,1
LP002807,Male,Yes,2,Not Graduate,No,3675.0,242.0,108.0,360.0,1.0,Semiurban,1
LP002813,Female,Yes,1,Graduate,Yes,5796.0,0.0,165.75,360.0,1.0,Semiurban,1
LP002820,Male,Yes,0,Graduate,No,5796.0,2054.0,165.75,360.0,1.0,Rural,1
LP002821,Male,No,0,Not Graduate,Yes,5796.0,0.0,132.0,360.0,1.0,Semiurban,1
LP002832,Male,Yes,2,Graduate,No,5796.0,0.0,165.75,360.0,0.0,Urban,0
LP002833,Male,Yes,0,Not Graduate,No,4467.0,0.0,120.0,360.0,1.0,Rural,1
LP002836,Male,No,0,Graduate,No,3333.0,0.0,99.25,360.0,1.0,Urban,1
LP002837,Male,Yes,3+,Graduate,No,3400.0,2298.25,123.0,360.0,0.0,Rural,0
LP002840,Female,No,0,Graduate,No,2876.5,0.0,99.25,360.0,1.0,Urban,0
LP002841,Male,Yes,0,Graduate,No,3166.0,2064.0,104.0,360.0,0.0,Urban,0
LP002842,Male,Yes,1,Graduate,No,3417.0,1750.0,165.75,360.0,1.0,Urban,1
LP002847,Male,Yes,0,Graduate,No,5116.0,1451.0,165.0,360.0,0.0,Urban,0
LP002855,Male,Yes,2,Graduate,No,5796.0,0.0,165.75,360.0,1.0,Urban,1
LP002862,Male,Yes,2,Not Graduate,No,5796.0,1625.0,165.75,361.0,1.0,Semiurban,0
LP002863,Male,Yes,3+,Graduate,No,5796.0,0.0,150.0,360.0,1.0,Semiurban,0
LP002868,Male,Yes,2,Graduate,No,3159.0,461.0,108.0,359.0,1.0,Urban,1
LP002872,Male,Yes,0,Graduate,No,3087.0,2210.0,136.0,360.0,0.0,Semiurban,0
LP002874,Male,No,0,Graduate,No,3229.0,2298.25,110.0,360.0,1.0,Urban,1
LP002877,Male,Yes,1,Graduate,No,2876.5,2232.0,107.0,360.0,1.0,Rural,1
LP002888,Male,No,0,Graduate,No,3182.0,2298.25,161.0,360.0,1.0,Urban,1
LP002892,Male,Yes,2,Graduate,No,5796.0,0.0,165.75,360.0,1.0,Semiurban,1
LP002893,Male,No,0,Graduate,No,2876.5,2298.25,99.25,360.0,1.0,Urban,0
LP002894,Female,Yes,0,Graduate,No,3166.0,0.0,99.25,360.0,1.0,Semiurban,1
LP002898,Male,Yes,1,Graduate,No,2876.5,0.0,99.25,360.0,1.0,Rural,0
LP002911,Male,Yes,1,Graduate,No,2876.5,1917.0,146.0,360.0,0.0,Rural,0
LP002912,Male,Yes,1,Graduate,No,4283.0,2298.25,165.75,359.0,1.0,Rural,0
LP002916,Male,Yes,0,Graduate,No,2876.5,1522.0,104.0,360.0,1.0,Urban,1
LP002917,Female,No,0,Not Graduate,No,2876.5,0.0,99.25,360.0,1.0,Semiurban,1
LP002925,Male,No,0,Graduate,No,4750.0,0.0,99.25,360.0,1.0,Semiurban,1
LP002926,Male,Yes,2,Graduate,Yes,2876.5,0.0,106.0,360.0,0.0,Semiurban,0
LP002928,Male,Yes,0,Graduate,No,3000.0,2298.25,99.25,359.0,1.0,Semiurban,1
LP002931,Male,Yes,2,Graduate,Yes,5796.0,0.0,165.75,359.0,1.0,Semiurban,0
LP002933,Male,No,3+,Graduate,Yes,5796.0,0.0,165.75,360.0,1.0,Semiurban,1
LP002936,Male,Yes,0,Graduate,No,3859.0,2298.25,142.0,359.0,1.0,Rural,1
LP002938,Male,Yes,0,Graduate,Yes,5796.0,0.0,165.75,360.0,1.0,Urban,1
LP002940,Male,No,0,Not Graduate,No,3833.0,0.0,110.0,360.0,1.0,Rural,1
LP002941,Male,Yes,2,Not Graduate,Yes,5796.0,1000.0,165.75,360.0,1.0,Rural,0
LP002943,Male,No,0,Graduate,No,2987.0,0.0,99.25,360.0,0.0,Semiurban,0
LP002945,Male,Yes,0,Graduate,Yes,5796.0,0.0,165.75,360.0,1.0,Rural,1
LP002948,Male,Yes,2,Graduate,No,5780.0,0.0,165.75,360.0,1.0,Urban,1
LP002949,Female,No,3+,Graduate,No,2876.5,2298.25,165.75,359.0,1.0,Urban,0
LP002950,Male,Yes,0,Not Graduate,No,2894.0,2298.25,155.0,360.0,1.0,Rural,1
LP002953,Male,Yes,3+,Graduate,No,5703.0,0.0,128.0,360.0,1.0,Urban,1
LP002958,Male,No,0,Graduate,No,3676.0,2298.25,165.75,360.0,1.0,Rural,1
LP002959,Female,Yes,1,Graduate,No,5796.0,0.0,165.75,360.0,1.0,Semiurban,1
LP002960,Male,Yes,0,Not Graduate,No,2876.5,2298.25,120.0,359.0,1.0,Urban,0
LP002961,Male,Yes,1,Graduate,No,3400.0,2298.25,165.75,360.0,1.0,Semiurban,1
LP002964,Male,Yes,2,Not Graduate,No,3987.0,1411.0,157.0,360.0,1.0,Rural,1
LP002974,Male,Yes,0,Graduate,No,3232.0,1950.0,108.0,360.0,1.0,Rural,1
LP002978,Female,No,0,Graduate,No,2900.0,0.0,99.25,360.0,1.0,Rural,1
LP002979,Male,Yes,3+,Graduate,No,4106.0,0.0,99.25,359.0,1.0,Rural,1
LP002983,Male,Yes,1,Graduate,No,5796.0,240.0,165.75,360.0,1.0,Urban,1
LP002984,Male,Yes,2,Graduate,No,5796.0,0.0,165.75,360.0,1.0,Urban,1
LP002990,Female,No,0,Graduate,Yes,4583.0,0.0,133.0,360.0,0.0,Semiurban,0
